"id","slug","adres","tytul_seo","opis_seo"
"113","glowna","http://bezsiatki626.test/","Operacja przepukliny pachwinowej bez siatki – metoda Desardy","Prof. Dąbrowiecki od 30 lat operuje przepukliny bez siatki metodą Desardy. Bydgoszcz i Poznań, konsultacja także on-line. Tel./SMS 603 751 335."
"1144","on-line","http://bezsiatki626.test/on-line/","Konsultacja przepukliny on-line – kwalifikacja bez wyjazdu","Mieszkasz daleko? Prof. Dąbrowiecki kwalifikuje do operacji on-line. Warunek: potwierdzona przepuklina. Przyjeżdżasz raz – od razu na zabieg."
"846","kino-oko-na-przepukliny","http://bezsiatki626.test/kino-oko-na-przepukliny/","Filmy i zdjęcia z operacji przepuklin – z siatką i bez","Filmy i zdjęcia z operacji przepukliny pachwinowej: metody bez siatki i z siatką. Zobacz, jak wygląda zabieg, i poznaj różnice między metodami."
"217","desarda","http://bezsiatki626.test/desarda/","Metoda Desardy – na czym polega operacja","Na czym polega operacja przepukliny pachwinowej metodą Desardy? Jak wzmacnia się tylną ścianę kanału pachwinowego bez użycia siatki."
"1860","opinie","http://bezsiatki626.test/opinie/","Opinie pacjentów – operacja przepukliny bez siatki","Opinie pacjentów operowanych z powodu przepukliny pachwinowej metodą bez siatki. Doświadczenia z konsultacji, operacji i powrotu do zdrowia."
"34","blog","http://bezsiatki626.test/blog/","Blog o chirurgii przepuklin – nowości i porady","Nowe wyniki badań, opisy przypadków i odpowiedzi na pytania pacjentów o przepukliny i ich leczenie. Blog prof. Stanisława Dąbrowieckiego."
"282","przepuklina-koszty-leczenia","http://bezsiatki626.test/przepuklina-koszty-leczenia/","Koszt operacji przepukliny pachwinowej – cennik","Ile kosztuje operacja przepukliny bez siatki? Cennik konsultacji i zabiegów oraz informacje o metodach i przebiegu leczenia. Bydgoszcz i Poznań."
"30","przepuklina-bezsiatkowo-metody","http://bezsiatki626.test/przepuklina-bezsiatkowo-metody/","Metody operacji przepukliny bez siatki – przegląd","Przegląd metod operacji przepukliny pachwinowej bez siatki: Desarda, Shouldice, Bassini i inne. Czym się różnią i kiedy stosuje się każdą z nich."
"1222","przed-szpitalem","http://bezsiatki626.test/przed-szpitalem/","Przed operacją przepukliny – co warto wiedzieć","Pierwszy pobyt w szpitalu i pierwszy zabieg budzą obawy. Wyjaśniam, jak przygotować się do operacji przepukliny i czego się spodziewać."
"199","czy-zawsze-siatka","http://bezsiatki626.test/czy-zawsze-siatka/","Siatki przepuklinowe – korzyści i ryzyko","Mniej znane fakty o siatkach przepuklinowych: jakie dają korzyści, jakie niosą ryzyko i o czym rzadko mówi się pacjentom przed operacją."
"280","leczenie-nieoperacyjne","http://bezsiatki626.test/leczenie-nieoperacyjne/","Czy przepuklinę można leczyć bez operacji?","Czy przepuklinę da się leczyć bez operacji? Wyjaśniam, kiedy można obserwować, jakie są zagrożenia i kiedy operacja staje się konieczna."
"288","prof-dabrowiecki","http://bezsiatki626.test/prof-dabrowiecki/","Prof. Stanisław Dąbrowiecki – chirurg przepuklin","Prof. Stanisław Dąbrowiecki – chirurg specjalizujący się w leczeniu przepuklin bez siatki. Doświadczenie kliniczne i naukowe, Bydgoszcz i Poznań."
"742","szpital","http://bezsiatki626.test/szpital/","Pobyt w szpitalu przy operacji przepukliny – pytania","Jak wygląda pobyt w szpitalu przy operacji przepukliny pachwinowej? Odpowiadam na najczęstsze pytania – od przyjęcia na oddział po wypis."
"1226","po-szpitalu","http://bezsiatki626.test/po-szpitalu/","Po operacji przepukliny – nawrót i najczęstsze pytania","Nawrót przepukliny dotyczy 2–5 na 100 operowanych. Od czego zależy i jak go uniknąć? Odpowiadam na pytania o okres po operacji przepukliny."
"894","rodzina-z-operowanym","http://bezsiatki626.test/rodzina-z-operowanym/","W szpitalu z bliskim – opieka rodziny przy operowanym","Osoba bliska może przebywać w szpitalu przy operowanym przez całą dobę i nocować na drugim łóżku. Jak wygląda taka opieka przy operacji przepukliny."
"1583","desarda-publikacje","http://bezsiatki626.test/desarda-publikacje/","Metoda Desardy – publikacje naukowe","Publikacje naukowe o metodzie Desardy i rekomendacje HerniaSurge z 2023 roku. Co badania mówią o operacji przepukliny bez siatki."
"2237","badania-naukowe-desarda","http://bezsiatki626.test/badania-naukowe-desarda/","Operacja przepukliny bez siatki – dowody naukowe","Co mówią badania o metodzie Desardy? Porównanie z siatką: nawroty, ból i powikłania. Analiza 23 badań klinicznych – prof. Dąbrowiecki."
"1718","cookies","http://bezsiatki626.test/cookies/","Polityka cookies","Informacje o plikach cookies używanych na stronie i o tym, jak zarządzać nimi w ustawieniach przeglądarki."
"259","przepuklina-metoda-shouldice","http://bezsiatki626.test/przepuklina-metoda-shouldice/","Metoda Shouldice – operacja przepukliny bez siatki","Metoda Shouldice to klasyczna operacja przepukliny pachwinowej bez siatki. Na czym polega, jakie daje wyniki i dla kogo jest wskazana."
"275","przepuklina-operacja-metoda-bassiniego","http://bezsiatki626.test/przepuklina-operacja-metoda-bassiniego/","Metoda Bassiniego – klasyczna operacja bez siatki","Metoda Bassiniego była przełomem w leczeniu przepuklin. Na czym polegała ta klasyczna operacja bez siatki i jakie ma miejsce w dzisiejszej chirurgii."
"1048","co-wybrac-dla-siebie","http://bezsiatki626.test/co-wybrac-dla-siebie/","Operacja przepukliny pachwinowej – jaką metodę wybrać?","Siatka czy tkanki własne, laparoskopia czy operacja otwarta? Odpowiadam na pytania, które warto zadać przed wyborem metody operacji przepukliny."
"278","odmiany-metody-bassiniego","http://bezsiatki626.test/odmiany-metody-bassiniego/","Odmiany metody Bassiniego – techniki historyczne","Przegląd odmian metody Bassiniego w operacji przepukliny pachwinowej: czym różniły się poszczególne techniki i jakie dawały wyniki."
"284","jak-postepowac-krok-po-kroku","http://bezsiatki626.test/jak-postepowac-krok-po-kroku/","Postępowanie przy przepuklinie pachwinowej krok po kroku","Co robić po rozpoznaniu przepukliny pachwinowej? Kolejne kroki: diagnostyka, wybór metody i chirurga, przygotowanie do operacji i powrót do formy."
"1179","met-muschaweck","http://bezsiatki626.test/met-muschaweck/","Przepuklina sportowa – metoda dr Muschaweck","Metoda Minimal Repair dr Ulrike Muschaweck – cenionej chirurg przepuklin, która leczy wielu sportowców. Na czym polega i kiedy się ją stosuje."
"1139","przepuklina-u-sportowca-czy-sportowa","http://bezsiatki626.test/przepuklina-u-sportowca-czy-sportowa/","Przepuklina sportowa – przyczyny, objawy i leczenie","Przepuklina sportowa to częsty problem u sportowców. Przeciążenie, naderwania, nerwiaki - wszystko w okolicy pachwiny. Przyczyny, objawy, leczenie"
