"slug","adres","tytul_seo","opis_seo"
"glowna","http://bezsiatki626.test/","Operacja przepukliny pachwinowej bez siatki – metoda Desardy","Prof. Dąbrowiecki od 30 lat operuje przepukliny bez siatki metodą Desardy. Bydgoszcz i Poznań, konsultacja także on-line. Tel./SMS 603 751 335."
"on-line","http://bezsiatki626.test/on-line/","Konsultacja przepukliny on-line – kwalifikacja bez wyjazdu","Mieszkasz daleko? Prof. Dąbrowiecki kwalifikuje do operacji on-line. Warunek: potwierdzona przepuklina. Przyjeżdżasz raz – od razu na zabieg."
"przepuklina-do-80-roku-zycia-laparoskopia-jest-bezpieczna-starsi-metoda-klasyczna","http://bezsiatki626.test/przepuklina-do-80-roku-zycia-laparoskopia-jest-bezpieczna-starsi-metoda-klasyczna/","Operacja przepukliny u osób starszych – laparoskopia?","Do 80. roku życia laparoskopowa operacja przepukliny jest bezpieczna. U starszych osób w słabszej kondycji lepsza jest metoda klasyczna."
"kino-oko-na-przepukliny","http://bezsiatki626.test/kino-oko-na-przepukliny/","Filmy i zdjęcia z operacji przepuklin – z siatką i bez","Filmy i zdjęcia z operacji przepukliny pachwinowej: metody bez siatki i z siatką. Zobacz, jak wygląda zabieg, i poznaj różnice między metodami."
"desarda","http://bezsiatki626.test/desarda/","Metoda Desardy – na czym polega operacja","Na czym polega operacja przepukliny pachwinowej metodą Desardy? Jak wzmacnia się tylną ścianę kanału pachwinowego bez użycia siatki."
"opinie","http://bezsiatki626.test/opinie/","Opinie pacjentów – operacja przepukliny bez siatki","Opinie pacjentów operowanych z powodu przepukliny pachwinowej metodą bez siatki. Doświadczenia z konsultacji, operacji i powrotu do zdrowia."
"nawracajace-przepukliny-po-wielokrotnych-operacjach","http://bezsiatki626.test/nawracajace-przepukliny-po-wielokrotnych-operacjach/","Nawracające przepukliny po kilku operacjach – co robić?","Przepuklina wraca po kolejnych operacjach? Konieczna jest tomografia ściany brzucha z oceną mięśni i siatek oraz indywidualny plan operacji."
"nawrot-dolegliwosci-po-laparoskopowej-operacji-przepukliny","http://bezsiatki626.test/nawrot-dolegliwosci-po-laparoskopowej-operacji-przepukliny/","Jak uniknąć bólu po laparoskopii przepukliny?","Ból po laparoskopowej operacji przepukliny – skąd się bierze, jak go rozpoznać i co zrobić, aby dolegliwości nie wracały."
"wydzielina-z-pepka-po-operacji-przepukliny-siatka-odrzut","http://bezsiatki626.test/wydzielina-z-pepka-po-operacji-przepukliny-siatka-odrzut/","Żółta wydzielina z pępka po operacji – odrzut siatki?","Żółta, cuchnąca wydzielina z pępka 3 tygodnie po operacji przepukliny z siatką. Odrzut implantu czy zakażenie – jak to rozróżnić i co robić."
"obustronna-przepuklina-a-w-niej-przydatki-czyli-mrkh","http://bezsiatki626.test/obustronna-przepuklina-a-w-niej-przydatki-czyli-mrkh/","Przydatki w przepuklinie obustronnej – zespół MRKH","Rzadki przypadek: obustronna przepuklina pachwinowa zawierająca przydatki u pacjentki z zespołem MRKH. Czym jest ten zespół i jak go rozpoznać."
"zolta-wydzielina-z-pepka-po-operacji-przepukliny-pepkowej","http://bezsiatki626.test/zolta-wydzielina-z-pepka-po-operacji-przepukliny-pepkowej/","Żółta wydzielina z pępka po operacji przepukliny pępkowej","Żółta wydzielina z pępka 3 tygodnie po operacji przepukliny pępkowej z siatką. Zakażenie czy odrzut siatki?"
"obustronna-przepuklina-pachwinowa-z-super-rzadkim-zaburzeniem-ginekologicznym","http://bezsiatki626.test/obustronna-przepuklina-pachwinowa-z-super-rzadkim-zaburzeniem-ginekologicznym/","Nietypowa zawartość przepukliny przy wadach rozwojowych","Obustronna przepuklina pachwinowa z rzadką anomalią ginekologiczną – opis przypadku zespołu MRKH u 20-letniej pacjentki."
"blog","http://bezsiatki626.test/blog/","Blog o chirurgii przepuklin – nowości i porady","Nowe wyniki badań, opisy przypadków i odpowiedzi na pytania pacjentów o przepukliny i ich leczenie. Blog prof. Stanisława Dąbrowieckiego."
"przepuklina-koszty-leczenia","http://bezsiatki626.test/przepuklina-koszty-leczenia/","Koszt operacji przepukliny pachwinowej – cennik","Ile kosztuje operacja przepukliny bez siatki? Cennik konsultacji i zabiegów oraz informacje o metodach i przebiegu leczenia. Bydgoszcz i Poznań."
"przepuklina-bezsiatkowo-metody","http://bezsiatki626.test/przepuklina-bezsiatkowo-metody/","Metody operacji przepukliny bez siatki – przegląd","Przegląd metod operacji przepukliny pachwinowej bez siatki: Desarda, Shouldice, Bassini i inne. Czym się różnią i kiedy stosuje się każdą z nich."
"przed-szpitalem","http://bezsiatki626.test/przed-szpitalem/","Przed operacją przepukliny – co warto wiedzieć","Pierwszy pobyt w szpitalu i pierwszy zabieg budzą obawy. Wyjaśniam, jak przygotować się do operacji przepukliny i czego się spodziewać."
"czy-zawsze-siatka","http://bezsiatki626.test/czy-zawsze-siatka/","Siatki przepuklinowe – korzyści i ryzyko","Mniej znane fakty o siatkach przepuklinowych: jakie dają korzyści, jakie niosą ryzyko i o czym rzadko mówi się pacjentom przed operacją."
"leczenie-nieoperacyjne","http://bezsiatki626.test/leczenie-nieoperacyjne/","Czy przepuklinę można leczyć bez operacji?","Czy przepuklinę da się leczyć bez operacji? Wyjaśniam, kiedy można obserwować, jakie są zagrożenia i kiedy operacja staje się konieczna."
"prof-dabrowiecki","http://bezsiatki626.test/prof-dabrowiecki/","Prof. Stanisław Dąbrowiecki – chirurg przepuklin","Prof. Stanisław Dąbrowiecki – chirurg specjalizujący się w leczeniu przepuklin bez siatki. Doświadczenie kliniczne i naukowe, Bydgoszcz i Poznań."
"szpital","http://bezsiatki626.test/szpital/","Pobyt w szpitalu przy operacji przepukliny – pytania","Jak wygląda pobyt w szpitalu przy operacji przepukliny pachwinowej? Odpowiadam na najczęstsze pytania – od przyjęcia na oddział po wypis."
"po-szpitalu","http://bezsiatki626.test/po-szpitalu/","Po operacji przepukliny – nawrót i najczęstsze pytania","Nawrót przepukliny dotyczy 2–5 na 100 operowanych. Od czego zależy i jak go uniknąć? Odpowiadam na pytania o okres po operacji przepukliny."
"rodzina-z-operowanym","http://bezsiatki626.test/rodzina-z-operowanym/","W szpitalu z bliskim – opieka rodziny przy operowanym","Osoba bliska może przebywać w szpitalu przy operowanym przez całą dobę i nocować na drugim łóżku. Jak wygląda taka opieka przy operacji przepukliny."
"desarda-publikacje","http://bezsiatki626.test/desarda-publikacje/","Metoda Desardy – publikacje naukowe","Publikacje naukowe o metodzie Desardy i rekomendacje HerniaSurge z 2023 roku. Co badania mówią o operacji przepukliny bez siatki."
"bol-po-operacji-przepukliny-pachwinowej-powrot-do-pracy","http://bezsiatki626.test/bol-po-operacji-przepukliny-pachwinowej-powrot-do-pracy/","Ból po operacji przepukliny pachwinowej a powrót do pracy","Ból w miejscu rany 2 miesiące po operacji przepukliny pachwinowej, po powrocie do pracy. Taki ból nie jest normalny – wyjaśniam, co sprawdzić."
"dlaczego-rana-jest-sina","http://bezsiatki626.test/dlaczego-rana-jest-sina/","Wybroczyny po operacji przepukliny – czy to groźne?","Sine przebarwienie wokół rany po operacji przepukliny to zwykle wybroczyna. Nie jest groźna i znika po kilku tygodniach. Pomaga nagrzewanie."
"przewlekly-bol-po-operacji-przepukliny-moze-wynikac-z-uszkodzenia-nerwu","http://bezsiatki626.test/przewlekly-bol-po-operacji-przepukliny-moze-wynikac-z-uszkodzenia-nerwu/","Uszkodzenie nerwu a ból po operacji przepukliny","Pachwina jest bogato unerwiona. Uszkodzenie nerwu, jego kontakt z siatką czy uchwycenie nerwu przez szew powoduje przewlekłe bóle."
"2-miesiace-po-operacji-przepukliny-guzek-w-mosznie-co-to-jest","http://bezsiatki626.test/2-miesiace-po-operacji-przepukliny-guzek-w-mosznie-co-to-jest/","Guzek w mosznie po operacji przepukliny – co to jest?","Twardy guzek w mosznie po operacji przepukliny to zwykle zbiornik krwi lub płynu surowiczego. Ustępuje w ciągu kilku tygodni po nagrzewaniu."
"czy-siatka-moze-sie-rozerwac","http://bezsiatki626.test/czy-siatka-moze-sie-rozerwac/","Czy siatka przepuklinowa może się rozerwać po operacji?","Siatka po operacji przepukliny nie ulega rozerwaniu, ale może się przemieścić lub odczepić. To potencjalna przyczyna nawrotu przepukliny."
"naprawa-przepukliny-pachwinowej-po-15-latach","http://bezsiatki626.test/naprawa-przepukliny-pachwinowej-po-15-latach/","Przepuklina pachwinowa od 15 lat – czy operować?","Przepuklina pachwinowa od 15 lat z wybrzuszeniem wielkości pięści. Wiek przepukliny ani wiek chorego nie wyklucza operacji."
"bol-przewlekly-po-operacji-przepukliny","http://bezsiatki626.test/bol-przewlekly-po-operacji-przepukliny/","Przewlekły ból po operacji przepukliny – jak często?","Jak często po operacji przepukliny występuje przewlekły ból? Przegląd badań: częstość, przyczyny i wpływ bólu na jakość życia."
"przepukliny-laparoskopowo-czy-juz-koniecznie-robotem","http://bezsiatki626.test/przepukliny-laparoskopowo-czy-juz-koniecznie-robotem/","Laparoskopia czy robot – operacja przepukliny","Porównanie efektów laparoskopii przepukliny z chirurgią robotyczną. Wyniki krótko i długoterminowe, koszty, korzyści i bezpieczeństwo obu metod."
"mala-przepuklina-brzuszna-po-porodzie-operacja","http://bezsiatki626.test/mala-przepuklina-brzuszna-po-porodzie-operacja/","Przepuklina brzuszna po porodzie – kiedy operować?","Mała przepuklina brzuszna 0,5 cm po ciąży i porodzie naturalnym. Czy wymaga operacji? Odpowiada chirurg prof. Stanisław Dąbrowiecki."
"przewlekly-bol-po-operacji-przepukliny-pachwinowej","http://bezsiatki626.test/przewlekly-bol-po-operacji-przepukliny-pachwinowej/","Przewlekły ból po operacji przepukliny pachwinowej","Przewlekły ból po operacji przepukliny dotyczy nawet 10% operowanych. Wyjaśniam, skąd się bierze i jak można się przed nim zabezpieczyć."
"czy-chirurgia-robotyczna-ma-przewage","http://bezsiatki626.test/czy-chirurgia-robotyczna-ma-przewage/","Robot w operacji przepukliny pachwinowej – czy lepszy?","Robotyczna czy konwencjonalna? Porównanie rTAPP i TEP w randomizowanym badaniu z British Journal of Surgery – wyniki i wnioski dla pacjenta."
"z-siatka-czy-bez-lichtenstein-vs-desarda","http://bezsiatki626.test/z-siatka-czy-bez-lichtenstein-vs-desarda/","Desarda czy Lichtenstein – wyniki badań","Metaanaliza porównująca metody Lichtensteina i Desardy w przepuklinie pachwinowej. Metoda Desardy skraca czas operacji i zmniejsza ból."
"leki-przeciw-zakrzepowe-po-operacji-przepukliny","http://bezsiatki626.test/leki-przeciw-zakrzepowe-po-operacji-przepukliny/","Zastrzyki przeciwzakrzepowe po operacji przepukliny","Ryzyko zakrzepów żylnych po operacji przepuklin jest niewielkie. Dla zabezpieczenia podaje się jednak przez kilka dni leki przeciwzakrzepowe."
"co-lepsze-desarda-czy-lichtenstein","http://bezsiatki626.test/co-lepsze-desarda-czy-lichtenstein/","Siatka czy tkanki własne – co lepsze w przepuklinie?","Porównanie skuteczności i bezpieczeństwa metod Desardy i Lichtensteina w leczeniu przepukliny pachwinowej: tkanki własne czy siatka."
"badania-naukowe-desarda","http://bezsiatki626.test/badania-naukowe-desarda/","Operacja przepukliny bez siatki – dowody naukowe","Co mówią badania o metodzie Desardy? Porównanie z siatką: nawroty, ból i powikłania. Analiza 23 badań klinicznych – prof. Dąbrowiecki."
"cookies","http://bezsiatki626.test/cookies/","Polityka cookies","Informacje o plikach cookies używanych na stronie i o tym, jak zarządzać nimi w ustawieniach przeglądarki."
"przepuklina-metoda-shouldice","http://bezsiatki626.test/przepuklina-metoda-shouldice/","Metoda Shouldice – operacja przepukliny bez siatki","Metoda Shouldice to klasyczna operacja przepukliny pachwinowej bez siatki. Na czym polega, jakie daje wyniki i dla kogo jest wskazana."
"przepuklina-operacja-metoda-bassiniego","http://bezsiatki626.test/przepuklina-operacja-metoda-bassiniego/","Metoda Bassiniego – klasyczna operacja bez siatki","Metoda Bassiniego była przełomem w leczeniu przepuklin. Na czym polegała ta klasyczna operacja bez siatki i jakie ma miejsce w dzisiejszej chirurgii."
"co-wybrac-dla-siebie","http://bezsiatki626.test/co-wybrac-dla-siebie/","Operacja przepukliny pachwinowej – jaką metodę wybrać?","Siatka czy tkanki własne, laparoskopia czy operacja otwarta? Odpowiadam na pytania, które warto zadać przed wyborem metody operacji przepukliny."
"odmiany-metody-bassiniego","http://bezsiatki626.test/odmiany-metody-bassiniego/","Odmiany metody Bassiniego – techniki historyczne","Przegląd odmian metody Bassiniego w operacji przepukliny pachwinowej: czym różniły się poszczególne techniki i jakie dawały wyniki."
"jak-postepowac-krok-po-kroku","http://bezsiatki626.test/jak-postepowac-krok-po-kroku/","Postępowanie przy przepuklinie pachwinowej krok po kroku","Co robić po rozpoznaniu przepukliny pachwinowej? Kolejne kroki: diagnostyka, wybór metody i chirurga, przygotowanie do operacji i powrót do formy."
"met-muschaweck","http://bezsiatki626.test/met-muschaweck/","Przepuklina sportowa – metoda dr Muschaweck","Metoda Minimal Repair dr Ulrike Muschaweck – cenionej chirurg przepuklin, która leczy wielu sportowców. Na czym polega i kiedy się ją stosuje."
"przepuklina-u-sportowca-czy-sportowa","http://bezsiatki626.test/przepuklina-u-sportowca-czy-sportowa/","Przepuklina sportowa – przyczyny, objawy i leczenie","Przepuklina sportowa to częsty problem u sportowców. Przeciążenie, naderwania, nerwiaki - wszystko w okolicy pachwiny. Przyczyny, objawy, leczenie"
"badanie-potwierdzajace-przepukline-rozworu-przelykowego","http://bezsiatki626.test/badanie-potwierdzajace-przepukline-rozworu-przelykowego/","Przepuklina rozworu przełykowego – które badanie?","Które badanie potwierdza przepuklinę rozworu przełykowego? Kluczowa jest manometria przełyku wysokiej rozdzielczości z impedancją."
"roznica-przepuklina-udowa-pachwinowa-ciaza-po-operacji","http://bezsiatki626.test/roznica-przepuklina-udowa-pachwinowa-ciaza-po-operacji/","Przepuklina udowa a pachwinowa – różnice i ciąża po operacji","Czym różni się przepuklina udowa od pachwinowej i kiedy po operacji można zajść w ciążę? Różnice anatomiczne i czas rekonwalescencji."
"zgrubienie-po-siatce-16-lat-po-operacji-przepukliny","http://bezsiatki626.test/zgrubienie-po-siatce-16-lat-po-operacji-przepukliny/","Zgrubienie przy siatce 16 lat po operacji przepukliny","Ukośne zgrubienie w miejscu siatki Lichtensteina 16 lat po operacji. Skąd się bierze, czy to normalne i kiedy wymaga badania."
"rozstep-miesni-prostych-brzucha-leczenie","http://bezsiatki626.test/rozstep-miesni-prostych-brzucha-leczenie/","Rozstęp mięśni prostych – operacja czy ćwiczenia?","Jedynym skutecznym leczeniem rozstępu kresy białej jest operacja. Wyjaśniam, dlaczego ćwiczenia nie zastąpią zszycia mięśni prostych."
"bole-miesni-szyi-szczekoscisk-po-fundoplikacji","http://bezsiatki626.test/bole-miesni-szyi-szczekoscisk-po-fundoplikacji/","Bóle szyi i szczękościsk po fundoplikacji – przyczyny","Bóle mięśni szyi i szczękościsk trwające od operacji przepukliny rozworu przełykowego. Możliwe przyczyny – elektrolity, tężyczka, powikłania."
"ciaza-po-operacji-przepukliny-pepkowej-z-siatka","http://bezsiatki626.test/ciaza-po-operacji-przepukliny-pepkowej-z-siatka/","Ciąża po operacji przepukliny pępkowej z siatką","Czy 3 lata po plastyce przepukliny pępkowej i rozejściu kresy białej można zajść w ciążę? Ciąża jest bezpieczna po operacji brzucha."
"nowotwor-w-miejscu-siatki-w-pachwinie","http://bezsiatki626.test/nowotwor-w-miejscu-siatki-w-pachwinie/","Czy siatka przepuklinowa może wywołać nowotwór?","Opisano rzadkie przypadki nowotworu w miejscu siatki po operacji przepukliny, bez zakażenia. Jak często się to zdarza i co o tym wiadomo."
"rower-plywanie-po-operacji-przepukliny-pachwinowej","http://bezsiatki626.test/rower-plywanie-po-operacji-przepukliny-pachwinowej/","Rower i pływanie 6 tygodni po operacji przepukliny","Kiedy można jeździć na rowerze i pływać po operacji przepukliny pachwinowej? Kryterium powrotu do aktywności fizycznej jest brak bólu."
"czy-tyton-zaszkodzi-operacji-przepukliny","http://bezsiatki626.test/czy-tyton-zaszkodzi-operacji-przepukliny/","Palenie papierosów a gojenie po operacji przepukliny","Czy palenie wpływa na gojenie po operacji przepukliny? Dowiedz się, jak aktywne palenie wpływa na proces gojenia rany operacyjnej i inne efekty zdrowotne."
"przepuklina-siatka-powiklania","http://bezsiatki626.test/przepuklina-siatka-powiklania/","Późne powikłania po operacji przepukliny z siatką","Rzadkie, późne powikłania po operacji przepukliny pachwinowej z siatką: jakie mogą wystąpić, jak je rozpoznać i jak im zapobiegać."
"bol-siatka-7-lat-po-operacji-przepukliny-prostata","http://bezsiatki626.test/bol-siatka-7-lat-po-operacji-przepukliny-prostata/","Ból 7 lat po operacji przepukliny – czy to prostata?","Ból w miejscu siatki 7 lat po operacji przepukliny i powiększona prostata – czy te dolegliwości mogą być powiązane? Wyjaśnia prof. Dąbrowiecki."
"wyczucie-mas-kalowych-przez-brzuch","http://bezsiatki626.test/wyczucie-mas-kalowych-przez-brzuch/","Czy przez brzuch można wyczuć masy kałowe?","Wyczuwalne kulki lub podłużne zgrubienia w lewym dolnym brzuchu przy zaparciach – czy to masy kałowe i kiedy warto je zbadać?"
"siatka-chirurgiczna-wedruje-przez-lata-po-organizmie","http://bezsiatki626.test/siatka-chirurgiczna-wedruje-przez-lata-po-organizmie/","Siatka chirurgiczna wędruje przez lata po organizmie","Rzadka migracja siatki chirurgicznej z przetoką do esicy 36 lat po operacji przepukliny. Opis przypadku i przebiegu leczenia chirurgicznego."
"bol-klucie-siatka-pol-roku-po-operacji-przepukliny","http://bezsiatki626.test/bol-klucie-siatka-pol-roku-po-operacji-przepukliny/","Ból i kłucie przy siatce 6 miesięcy po operacji przepukliny","Ból w miejscu siatki pół roku po operacji przepukliny pachwinowej. Czy siatka mogła się przemieścić i co oznaczają te dolegliwości?"
"przewlekly-bol-po-prawej-stronie-po-usunieciu-woreczka-zolciowego","http://bezsiatki626.test/przewlekly-bol-po-prawej-stronie-po-usunieciu-woreczka-zolciowego/","Ból po prawej stronie po usunięciu woreczka żółciowego","Ból po prawej stronie przez 3 lata po laparoskopowym usunięciu woreczka żółciowego. Trzeba sprawdzić, czy to może być uwięźnięcie nerwu skórnego brzucha"
"czy-przepuklina-brzuszna-moze-sama-zniknac","http://bezsiatki626.test/czy-przepuklina-brzuszna-moze-sama-zniknac/","Czy przepuklina brzuszna może zniknąć sama?","Czy przepuklina brzuszna u dorosłych może się sama zamknąć? Kiedy zdecydować się na operację? Wyjaśnia chirurg prof. Stanisław Dąbrowiecki."
"przepuklina-spiegla","http://bezsiatki626.test/przepuklina-spiegla/","Przepuklina Spiegla – rzadka, ale niebezpieczna","Przepuklina Spiegla występuje bardzo rzadko, ból i uwypuklenie ma nietypową lokalizację ale ma wysokie ryzyko uwięźnięcia."
"trabucco-wloska-technika-operacji-przepuklin","http://bezsiatki626.test/trabucco-wloska-technika-operacji-przepuklin/","Metoda Trabucco – włoska technika operacji przepukliny","Metoda Trabucco to technika naprawy przepukliny pachwinowej siatką bez szwów, stosowana od 1989 roku. Na czym polega i jakie ma zalety."
"bol-pooperacyjny-porady","http://bezsiatki626.test/bol-pooperacyjny-porady/","Jak łagodzić ból po operacji przepukliny – porady","Przepuklina pachwinowa - jak minimalizować ból po operacji? Poznaj skuteczne sposoby na leczenie bólu pooperacyjnego i szybki powrót do zdrowia."
